<?xml version="1.0" encoding="UTF-8"?>
<project-private xmlns="http://www.netbeans.org/ns/project-private/1">
    <editor-bookmarks xmlns="http://www.netbeans.org/ns/editor-bookmarks/2" lastBookmarkId="0"/>
    <open-files xmlns="http://www.netbeans.org/ns/projectui-open-files/2">
        <group>
            <file>file:/C:/Users/a23cristianbm/Documents/DAM_2/DAM_2/Datos/BernalMendez_Cristian_2DAM_AD_Recuperacion1/src/UD1/Ejercicio01.java</file>
            <file>file:/C:/Users/a23cristianbm/Documents/DAM_2/DAM_2/Datos/BernalMendez_Cristian_2DAM_AD_Recuperacion1/src/UD2/Ejercicio02.java</file>
        </group>
    </open-files>
</project-private>
